<?xml version="1.0" encoding="UTF-8"?>
<project-private xmlns="http://www.netbeans.org/ns/project-private/1">
    <editor-bookmarks xmlns="http://www.netbeans.org/ns/editor-bookmarks/2" lastBookmarkId="0"/>
    <open-files xmlns="http://www.netbeans.org/ns/projectui-open-files/2">
        <group>
            <file>file:/C:/Users/divah_000/Desktop/calculadora%202/calculadora%202/Calculadora/src/Funcionalidad/Expression.java</file>
            <file>file:/C:/Users/divah_000/Desktop/calculadora%202/calculadora%202/Calculadora/src/Vistas/Menu.java</file>
            <file>file:/C:/Users/divah_000/Desktop/calculadora%202/calculadora%202/Calculadora/src/Vistas/CalculadoraMetodoCompartido.java</file>
            <file>file:/C:/Users/divah_000/Desktop/calculadora%202/calculadora%202/Calculadora/src/Vistas/CalculadorMetodoIndependiente.java</file>
            <file>file:/C:/Users/divah_000/Desktop/calculadora%202/calculadora%202/Calculadora/src/calculadora/Calculadora.java</file>
        </group>
    </open-files>
</project-private>
